{
  "best_params": {
    "hidden_dim": 128,
    "dropout": 0.2,
    "lr": 0.0005,
    "nhead": 4,
    "num_layers": 2
  },
  "cv_r2_mean": 0.3286086905524182,
  "cv_r2_std": 0.0170982370012739,
  "cv_rmse_mean": 1.8319992957998044,
  "model": "patch_transformer",
  "split_type": "IGBP"
}