{
  "best_params": {
    "hidden_dim": 128,
    "dropout": 0.2,
    "lr": 0.0005,
    "nhead": 4,
    "num_layers": 2
  },
  "cv_r2_mean": 0.387486931923497,
  "cv_r2_std": 0.0216388872753336,
  "cv_rmse_mean": 1.7291325424090584,
  "model": "transformer",
  "split_type": "IGBP"
}