hidden_dim,dropout,lr,layers,cv_r2_mean,cv_r2_std,cv_rmse_mean,cv_rmse_std,cv_val_loss_mean,fold_r2_scores
128,0.2,0.0005,1,0.3913459801246235,0.01623056721164429,1.7293629824497885,0.05416297959362664,0.3750751197338104,"[np.float64(0.38239411059713285), np.float64(0.36344865113765684), np.float64(0.4033952329707718), np.float64(0.4054861369559885), np.float64(0.40200576896156753)]"
